visitor_id	scene_key	context	setup	description	dialogue	outcome	reward	hook
spork	rubble-rescue	any	Buried but cheerful	Only Spork's boots show beneath a loose mound of stone; his muffled instructions are sincere and completely backward.	If you lift the blue rock first, I think the rest become less on top of me.	Once freed, Spork thanks every rescuer individually and hurries toward the safest-looking exit.	A stoppered vial of antitoxin he found before the collapse.	The rubble conceals recent tool marks from someone widening this passage.
spork	cage-latch	any	A cage with an optimistic prisoner	Spork sits inside a rusted hanging cage, attempting to reach its latch with a bent spoon.	Good news: the spoon is improving. Bad news: the lock remains very experienced.	He accepts help with enormous relief and insists the spoon belongs to the dungeon.	A packet containing two uses of basic healer's supplies.	Spork heard workers arguing about a blocked route nearby.
spork	ledge-rope	any	Hanging on politely	Spork dangles from a knotted rope above a short but alarming drop, apologizing whenever the rope creaks.	I have tested the knot extensively. It continues to be a knot.	After being hauled up, he coils the rope badly and leaves it for the party.	Fifty feet of serviceable hempen rope.	Scratches below mark a narrow ledge leading around the drop.
spork	barrel-hiding	any	The barrel that whispers	A barrel quietly asks whether the dangerous part is over; Spork's eyes then appear beneath its lid.	I was practicing storage. It became hiding when I heard the noise.	He emerges, dusts himself off, and points out the direction from which the noise came.	A wrapped ration and a small flask of clean water.	Spork heard heavy movement beyond one of the exits.
spork	wrong-lever	any	Holding the wrong lever	Spork grips a wall lever with both hands, convinced something unpleasant will happen if he releases it.	I pulled it to help. I am now helping continuously.	Careful inspection lets the party secure the mechanism and free him without consequence.	A brass maintenance key that fits common service panels.	The lever controls an old ventilation shutter elsewhere in the district.
spork	rescue-bundle	any	A rescue already in progress	Spork struggles to drag an abandoned explorer's supply bundle away from an unstable patch of floor.	Nobody was attached to it, but it looked as though somebody might miss it.	With help, he brings the bundle to safety and leaves its useful contents with the party.	One common adventuring gear item chosen by the DM.	The bundle bears the mark of a recent expedition.
spork	collapsed-tent	peaceful	Camp engineering	Spork is trapped inside a collapsed one-person tent and calmly narrates his attempts to find the entrance.	This tent has more inside than I expected and less outside than I require.	The party can unfold him and the tent in moments; he departs grinning.	A tin of strong tea sufficient for one short rest.	The abandoned camp was vacated in a hurry.
spork	monster-corner	encounter	A very small hiding place	After the fighting, Spork unfolds himself from a niche far too small for comfort.	I was not participating. I was being extremely flat.	He offers thanks and shares what he noticed while hiding.	-	Spork saw one creature repeatedly watching a particular exit.
spork	trap-flag	hazard	Marking the danger	Spork stands motionless beside the hazard, holding a tiny red flag where he believes it is safest.	I marked the dangerous bit. Unfortunately, I am now standing beside the marked bit.	Once the danger is handled, he gives the flag to the party with solemn gratitude.	A bright red warning flag on a collapsible rod.	Spork noticed older warning marks that someone deliberately scraped away.
spork	bucket-helmet	any	Protected by a bucket	Spork wears a dented bucket as a helmet while trying to crawl from beneath broken furniture.	I chose head safety. I did not account for seeing.	Freed from the wreckage, he keeps the bucket and offers the party his spare supplies.	A candle, chalk, and twenty feet of twine.	One broken furnishing contains a concealed maintenance label.
spork	lost-found-encounter	encounter	The merchant behind cover	Spork crouches behind the nearest crates, rubble, furniture, barricade, or debris with several packs and pieces of ordinary equipment piled around him.	Good, you look like the previous owners. I was safeguarding these. Please handle the dangerous part while I continue safeguarding.	Once the danger passes, Spork proudly reveals that he sorted the recovered equipment alphabetically—by emotional significance.	-	Finders, keepers... mostly.
spork	lost-found-hazard	hazard	The merchant with a warning	Spork stands beside heaps of ordinary equipment and enthusiastically warns the party not to step where he already watched someone fail.	Excellent timing. I was safeguarding these. Also, do not put your foot there. Or there. That third place is probably fine.	After the hazard is addressed, Spork presents the collection and admits that it came from the recently emptied guard stores.	-	Finders, keepers... mostly.
spork	lost-found-peaceful	peaceful	Inventory by emotional significance	Spork calmly sorts packs, weapons, armor, tools, and travel gear into categories understood only by him.	You look like the previous owners. I sorted everything alphabetically. By emotional significance. I was safeguarding these.	Spork is delighted to discuss every recovered belonging and is more interested in a good trade or story than extracting payment.	-	Finders, keepers... mostly.
job-goblin	sweeping	any	Routine floor maintenance	A goblin in a spotless work apron sweeps debris into precise piles without looking up from the task.	Mind the third pile, please. That one has been sorted by sharpness.	The Job Goblin finishes the aisle, checks a box on a clipboard, and moves on.	A clean, unobstructed path through the room.	His work order lists a nearby area as overdue for inspection.
job-goblin	torch-rounds	any	Replacing the lights	The Job Goblin carries a ladder and a crate of fresh torches, replacing each burned stub with professional efficiency.	Illumination request was marked urgent. They are all marked urgent.	He leaves the room better lit and records the party as temporary occupants.	One fresh torch and a box of dry tinder.	The replacement schedule skips one corridor without explanation.
job-goblin	room-number	any	Correcting the signage	The Job Goblin paints a room number over three older numbers, measuring every stroke with a ruler.	Renumbering directive. Please disregard any numbers still visible underneath.	He completes the lettering, posts a wet-paint notice, and packs his brushes.	-	The crossed-out numbers suggest this section has been reorganized repeatedly.
job-goblin	bridge-inspection	any	Load-bearing paperwork	The Job Goblin taps nearby stone and timber with a tiny hammer, noting each sound on a form.	It is approved for ordinary peril. Extraordinary peril requires Form Nine.	He marks the safest visible route with white chalk.	Advantage on the DM's next check to identify unsafe construction here.	A margin note mentions settling stone near another chamber.
job-goblin	valve-check	hazard	Hazard maintenance	The Job Goblin studies the hazard from behind a portable safety screen and compares it with a thick manual.	Yes, it is doing that. No, the manual says it should not.	After the party makes the area safe, he identifies the proper shutoff or bypass.	A practical clue about the hazard's counterplay.	The same system connects to another room in this neighborhood.
job-goblin	cleanup	encounter	Post-incident cleanup	Once the immediate threat is over, the Job Goblin arrives with a wheeled bin and begins documenting the damage.	Please leave recognizable pieces in separate piles. Inventory gets particular.	He identifies an overlooked but mundane item among the remains.	One useful piece of common adventuring gear chosen by the DM.	His incident form names a supervisor station deeper in the dungeon.
job-goblin	wall-patch	any	A professional repair	The Job Goblin applies mortar to an ancient crack whose edges continue well beyond his ladder.	Temporary repair. Estimated duration: longer than my shift.	He completes a neat patch and asks the party not to lean on it until tomorrow.	-	The crack carries a faint draft from an unmapped space.
job-goblin	supply-delivery	any	Delivery in progress	The Job Goblin pushes a handcart stacked with labeled boxes and checks every doorway against a delivery manifest.	I can accept one reasonable work request while I am in the area.	He will consider one modest maintenance task the DM can remember for a future appearance.	A stamped receipt declaring the party authorized recipients of one mundane supply.	One crate is addressed to a location not shown on ordinary dungeon signs.
job-goblin	armor-polish	peaceful	Equipment care	The Job Goblin polishes a battered display of old armor, working around every dent rather than disguising it.	Historical damage is not dirt. Different department.	He points out which piece remains structurally sound, then returns to polishing.	A small tin of protective weapon and armor oil.	One dent matches an unusual weapon shape.
job-goblin	crack-measure	any	Measuring the impossible	The Job Goblin stretches a measuring tape across a crack, frowns, and starts again from the opposite wall.	It was wider yesterday. That is outside acceptable tolerances.	He files an escalation notice and advises the party where not to stand.	A precise warning about unstable terrain in this room.	The measurements imply slow movement in the surrounding architecture.
stranger	shared-apple	any	A quiet meal	The Stranger sits comfortably on a low stone, cutting an apple into careful, equal slices.	A journey can be measured by what you still choose to share.	He offers a slice, listens to any answer, and departs during the next distraction.	-	He glances once toward the least inviting exit.
stranger	mended-strap	any	A small repair	The Stranger patiently mends a worn strap on an old pack, using thread the color of ash.	Most failures announce themselves softly before they become loud.	He finishes the stitch, tests it, and leaves the repaired pack where it can be found.	A serviceable empty backpack.	The pack contains dust from a different dungeon district.
stranger	three-cups	peaceful	Tea already poured	The Stranger waits beside a small kettle with more cups than he appears to need.	Hospitality is sometimes an answer to a question nobody asked.	He shares the tea, asks where the party feels most at home, and is gone when the cups are collected.	-	One cup bears an old maker's mark from the surface.
stranger	listening-wall	any	Listening to the stone	The Stranger rests two fingers against a wall as though taking its pulse.	Old places remember pressure better than names.	He invites one character to listen, then steps away without explaining what he heard.	-	A patient listener can hear water, machinery, or distant movement at the DM's choice.
stranger	chess-problem	peaceful	An unfinished game	The Stranger studies a travel chessboard with only seven pieces remaining.	The difficult move is rarely the one that wins immediately.	He asks which piece the party would save, accepts the answer, and closes the board.	-	One piece has been placed to indicate the direction of a nearby route.
stranger	old-song	any	A melody without words	The Stranger hums a slow melody while cleaning dust from an otherwise unremarkable seat.	Some songs survive because nobody agrees on the words.	He listens if the party supplies a verse, then leaves before the melody resolves.	-	The tune is faintly echoed by air moving through one exit.
stranger	question-of-doors	any	A patient question	The Stranger stands between two paths, regarding neither as though it were more important.	Which door would you choose if you knew both led somewhere useful?	He considers the party's reasoning, thanks them, and chooses neither visible exit.	-	His question draws attention to signs of traffic the party might otherwise miss.
stranger	borrowed-light	any	A borrowed flame	The Stranger shields a tiny lamp whose flame burns steadily despite the dungeon air.	Light is most useful when it shows you what you hoped was not there.	He lets the party use the lamp to inspect the room, then extinguishes it between two fingers.	-	The brief light reveals an old repair or concealed seam at the DM's discretion.
stranger	stone-stack	any	A careful balance	The Stranger balances five rough stones in a narrow tower that should not remain standing.	Patience is not waiting. It is choosing what not to disturb.	He leaves the tower behind; it falls only after everyone looks away.	-	The stones came from several different nearby environments.
stranger	clean-bandage	any	Prepared kindness	The Stranger folds a clean bandage beside a cup of water and watches the room settle into silence.	Being ready to help is different from expecting harm.	He offers the bandage to whoever needs it most, asks no questions, and slips away afterward.	A single use of basic healer's supplies.	The water is fresh and came from somewhere nearby.
